{"homebrew_version":"2.1.4-16-g33660d5","used_options":[],"unused_options":[],"built_as_bottle":true,"poured_from_bottle":true,"installed_as_dependency":true,"installed_on_request":false,"changed_files":["bin/corelist","bin/cpan","bin/enc2xs","bin/encguess","bin/h2ph","bin/h2xs","bin/instmodsh","bin/json_pp","bin/libnetcfg","bin/perlbug","bin/perlthanks","bin/perldoc","bin/perlivp","bin/piconv","bin/pl2pm","bin/pod2html","bin/pod2man","bin/pod2text","bin/pod2usage","bin/podchecker","bin/podselect","bin/prove","bin/ptar","bin/ptardiff","bin/ptargrep","bin/shasum","bin/splain","bin/xsubpp","bin/zipdetails","INSTALL_RECEIPT.json","lib/perl5/5.30.0/App/Cpan.pm","lib/perl5/5.30.0/AutoLoader.pm","lib/perl5/5.30.0/CPAN.pm","lib/perl5/5.30.0/ExtUtils/Installed.pm","lib/perl5/5.30.0/ExtUtils/MakeMaker.pm","lib/perl5/5.30.0/ExtUtils/Packlist.pm","lib/perl5/5.30.0/ExtUtils/ParseXS/Utilities.pm","lib/perl5/5.30.0/HTTP/Tiny.pm","lib/perl5/5.30.0/I18N/LangTags/List.pm","lib/perl5/5.30.0/Net/SMTP.pm","lib/perl5/5.30.0/TAP/Parser/SourceHandler/Perl.pm","lib/perl5/5.30.0/bignum.pm","lib/perl5/5.30.0/darwin-thread-multi-2level/CORE/config.h","lib/perl5/5.30.0/darwin-thread-multi-2level/CORE/perl_inc_macro.h","lib/perl5/5.30.0/darwin-thread-multi-2level/CORE/uconfig.h","lib/perl5/5.30.0/darwin-thread-multi-2level/Config.pm","lib/perl5/5.30.0/darwin-thread-multi-2level/Config_heavy.pl","share/man/man1/cpan.1","share/man/man1/enc2xs.1","share/man/man1/perl5160delta.1","share/man/man1/perl58delta.1","share/man/man1/perlbs2000.1","share/man/man1/perlcygwin.1","share/man/man1/perlebcdic.1","share/man/man1/perlembed.1","share/man/man1/perlfaq6.1","share/man/man1/perlfaq7.1","share/man/man1/perlhack.1","share/man/man1/perlhpux.1","share/man/man1/perllocale.1","share/man/man1/perlmacosx.1","share/man/man1/perlnewmod.1","share/man/man1/perlop.1","share/man/man1/perlplan9.1","share/man/man1/perlport.1","share/man/man1/perlqnx.1","share/man/man1/perlrun.1","share/man/man1/perlsolaris.1","share/man/man1/perltru64.1","share/man/man1/perlvar.1","share/man/man1/perlxstut.1","share/man/man3/App::Cpan.3","share/man/man3/AutoLoader.3","share/man/man3/CPAN.3","share/man/man3/Config.3","share/man/man3/ExtUtils::Installed.3","share/man/man3/ExtUtils::MakeMaker.3","share/man/man3/ExtUtils::Packlist.3","share/man/man3/ExtUtils::ParseXS::Utilities.3","share/man/man3/Net::SMTP.3","share/man/man3/TAP::Parser::SourceHandler::Perl.3","share/man/man3/bignum.3"],"time":1563530208,"source_modified_time":1558513783,"HEAD":null,"stdlib":null,"compiler":"clang","aliases":["perl@5.30"],"runtime_dependencies":[],"source":{"path":"/usr/local/Homebrew/Library/Taps/homebrew/homebrew-core/Formula/perl.rb","tap":"homebrew/core","spec":"stable","versions":{"stable":"5.30.0","devel":"","head":"HEAD","version_scheme":0}}}